{"assets/fonts/GoogleSans-Bold.ttf":["assets/fonts/GoogleSans-Bold.ttf"],"assets/fonts/GoogleSans-BoldItalic.ttf":["assets/fonts/GoogleSans-BoldItalic.ttf"],"assets/fonts/GoogleSans-Italic.ttf":["assets/fonts/GoogleSans-Italic.ttf"],"assets/fonts/GoogleSans-Regular.ttf":["assets/fonts/GoogleSans-Regular.ttf"],"assets/images/.DS_Store":["assets/images/.DS_Store"],"assets/images/background_top_dark.png":["assets/images/background_top_dark.png"],"assets/images/background_top_light.png":["assets/images/background_top_light.png"],"assets/images/block_10_complete.png":["assets/images/block_10_complete.png"],"assets/images/block_10_incomplete.png":["assets/images/block_10_incomplete.png"],"assets/images/block_11_complete.png":["assets/images/block_11_complete.png"],"assets/images/block_11_incomplete.png":["assets/images/block_11_incomplete.png"],"assets/images/block_12_complete.png":["assets/images/block_12_complete.png"],"assets/images/block_12_incomplete.png":["assets/images/block_12_incomplete.png"],"assets/images/block_13_complete.png":["assets/images/block_13_complete.png"],"assets/images/block_13_incomplete.png":["assets/images/block_13_incomplete.png"],"assets/images/block_14_complete.png":["assets/images/block_14_complete.png"],"assets/images/block_14_incomplete.png":["assets/images/block_14_incomplete.png"],"assets/images/block_15_complete.png":["assets/images/block_15_complete.png"],"assets/images/block_15_incomplete.png":["assets/images/block_15_incomplete.png"],"assets/images/block_1_complete.png":["assets/images/block_1_complete.png"],"assets/images/block_1_incomplete.png":["assets/images/block_1_incomplete.png"],"assets/images/block_2_complete.png":["assets/images/block_2_complete.png"],"assets/images/block_2_incomplete.png":["assets/images/block_2_incomplete.png"],"assets/images/block_3_complete.png":["assets/images/block_3_complete.png"],"assets/images/block_3_incomplete.png":["assets/images/block_3_incomplete.png"],"assets/images/block_4_complete.png":["assets/images/block_4_complete.png"],"assets/images/block_4_incomplete.png":["assets/images/block_4_incomplete.png"],"assets/images/block_5_complete.png":["assets/images/block_5_complete.png"],"assets/images/block_5_incomplete.png":["assets/images/block_5_incomplete.png"],"assets/images/block_6_complete.png":["assets/images/block_6_complete.png"],"assets/images/block_6_incomplete.png":["assets/images/block_6_incomplete.png"],"assets/images/block_7_complete.png":["assets/images/block_7_complete.png"],"assets/images/block_7_incomplete.png":["assets/images/block_7_incomplete.png"],"assets/images/block_8_complete.png":["assets/images/block_8_complete.png"],"assets/images/block_8_incomplete.png":["assets/images/block_8_incomplete.png"],"assets/images/block_9_complete.png":["assets/images/block_9_complete.png"],"assets/images/block_9_incomplete.png":["assets/images/block_9_incomplete.png"],"assets/images/block_empty.png":["assets/images/block_empty.png"],"assets/images/boat.png":["assets/images/boat.png"],"assets/images/boat_new.png":["assets/images/boat_new.png"],"assets/images/boat_water_lines.png":["assets/images/boat_water_lines.png"],"assets/images/clouds.png":["assets/images/clouds.png"],"assets/images/iceberg.png":["assets/images/iceberg.png"],"assets/images/paper_plane.png":["assets/images/paper_plane.png"],"assets/images/paper_plane_shadow.png":["assets/images/paper_plane_shadow.png"],"assets/images/rock.png":["assets/images/rock.png"],"assets/images/shuffle_icon.png":["assets/images/shuffle_icon.png"],"assets/images/simple_dash_large.png":["assets/images/simple_dash_large.png"],"assets/images/simple_dash_medium.png":["assets/images/simple_dash_medium.png"],"assets/images/simple_dash_small.png":["assets/images/simple_dash_small.png"],"assets/images/submarine.png":["assets/images/submarine.png"],"assets/images/tile_correct.png":["assets/images/tile_correct.png"],"assets/images/volume_off.png":["assets/images/volume_off.png"],"assets/images/volume_on.png":["assets/images/volume_on.png"],"assets/images/wave.png":["assets/images/wave.png"],"assets/sounds/splash_big.mp3":["assets/sounds/splash_big.mp3"],"assets/sounds/splash_big2.mp3":["assets/sounds/splash_big2.mp3"],"assets/sounds/splash_small.mp3":["assets/sounds/splash_small.mp3"],"assets/sounds/splash_small2.mp3":["assets/sounds/splash_small2.mp3"]}